,log_entropy,IR_norm_range,entropy_x_contrast,class
442,-1.5403783765026058,-0.14384757354085004,1.1616774399999998,1.0
402,-2.563949857128453,-8.669986987930184,4.4348766,1.0
769,-2.935578350734244,0.036733653846153874,16.90128927,0.0
267,-3.6156289923743437,0.1703561728395062,18.153801249999997,0.0
796,-1.194022473472768,0.013460810810810854,14.7119226,0.0
564,-3.55434856115633,0.1367826086956522,14.51104512,0.0
98,-2.4662811856648355,-2.732916926920675,5.10072408,1.0
399,-2.3454925940053224,-0.5726221903272932,3.149425,1.0
21,-3.3214624136433017,0.08001976047904197,14.58364912,0.0
273,-1.2371849385320495,0.01415756097560974,12.090457500000001,0.0
299,-3.9322257127456655,0.29631375000000004,22.76188964,0.0
629,-2.682382454353632,0.1675921686746988,102.88786824,0.0
80,-2.873514640829742,-0.5917551295736743,6.146493749999999,1.0
814,-2.3136460403534707,0.05063650793650795,26.226628369999997,0.0
322,-2.5345171503413346,18.379098719971942,6.54853056,1.0
243,-2.972015746936675,-1.3973598484600207,9.14730496,1.0
266,-3.763603000309873,0.39789224806201556,19.305784879999997,0.0
887,-1.3882963637905636,-0.06778869378854961,1.1019666499999998,1.0
692,-2.783851914518492,0.1020346153846154,41.173990440000004,0.0
89,-2.164563795096671,0.043811931818181875,30.22588716,0.0
341,-3.9271366432381942,0.21075266272189347,30.873020479999997,0.0
62,-1.3882963637905636,-0.49841656972363113,1.17576875,1.0
67,-3.4577677331505496,0.1597222222222222,21.4011,0.0
749,-0.8559014318613711,0.014204545454545454,32.05339375,0.0
338,-3.278095184528172,0.06322328042328038,13.381614999999998,0.0
952,-1.162191270310981,-0.1741661085663505,0.6672962400000001,1.0
547,-3.9170355472516905,0.20639578313253007,34.49399733,0.0
56,-2.821778966430553,-1.5587738048970075,6.48798115,1.0
579,-0.05045154349609822,0.019013427906693102,0.22182164000000001,1.0
758,-2.916921093129701,0.10851648351648352,38.65918375,0.0
823,-1.4592952540043809,0.013525416666666719,2.1003149999999997,0.0
141,-2.4769384801388235,-0.3190697023869364,3.8241,1.0
582,-4.12893600699172,0.2647416666666666,37.0524756,0.0
619,-2.557477342622836,-116.30932203389833,5.456,1.0
761,-1.6739764335716716,-0.12374002140515643,1.4484374999999998,1.0
879,-0.22276862160913655,0.01399357429718873,0.09003375000000001,0.0
669,-0.8271358205632621,-0.13741123047070358,0.33890750000000003,1.0
780,-0.9306432380985556,0.014218220338983078,2.32637,0.0
171,-2.843869924244745,-1.352136627006695,6.13015944,1.0
374,-3.523365015636363,0.08088350515463912,14.2014239,0.0
648,-2.753570716404019,0.038833658536585415,20.771506210000002,0.0
557,-2.496169842066711,0.43982188986028947,9.17661608,1.0
101,-3.571985702642437,1.6685755555555557,17.387695519999998,0.0
19,-1.9317114296555002,0.026149740932642454,15.62323392,0.0
727,-1.2116690109604062,-0.25016335067052425,0.6735462500000001,1.0
175,-2.4441486573158326,-0.22197156247517674,6.48251044,1.0
839,-1.5558971455060706,0.2445002132538834,18.998798700000002,1.0
705,-1.9207298505250152,3.0575605002436266,31.5005472,1.0
919,-1.2099908766514988,0.009749586776859479,1.6835775600000003,0.0
796,-1.0567028855909,-0.09262622205924863,0.8487349200000001,1.0
600,-1.3660996538343713,-0.15105202058920153,0.98958392,1.0
259,-2.7774002792370034,-1.0753922296227316,6.112705,1.0
171,-3.907035463917107,0.31260331125827817,23.52160692,0.0
241,-2.785471348070795,-1.122889493812522,5.15272125,1.0
79,-2.647896278282463,-0.327597297607416,4.40907,1.0
833,-1.1535965970008693,0.0764019055923472,6.641275,1.0
690,-2.0754495204102983,-0.8218788963991412,2.43940625,1.0
994,-3.1748589394514264,0.15670941176470593,11.27380694,0.0
634,-1.048109306495003,-0.07620171222141624,0.50689748,1.0
444,-3.3242363405260273,0.0822254143646409,14.822848799999997,0.0
641,0.0,0.017459525180776817,0.0,1.0
512,-2.1715568305876416,0.28063163120477086,5.675775000000001,1.0
613,-0.6339353209280992,0.013088311688311729,8.801896849999999,0.0
128,-3.486755270023802,0.22684,20.65040694,0.0
580,-2.425883309338539,0.19863072289156627,184.74276652000003,0.0
532,-2.558768498386456,-0.8911323387314585,3.9683599199999997,1.0
239,-2.1874722858935414,-0.4802499536632509,3.2266812599999994,1.0
997,-2.73029581004953,-0.909783489227582,13.92183,1.0
197,-2.5916013884589635,-1.4148901860137637,4.4016258299999995,1.0
510,-0.640934309113011,-0.06242002161029917,0.26561256,1.0
573,-1.9540431322855023,0.01515840707964606,4.86799014,0.0
706,-2.9299445330159877,-3.497768078563635,15.603036780000002,1.0
992,-2.9058915695542016,0.6453616160206539,9.29193276,1.0
92,-2.2358614609511376,-0.6426360736859569,3.57179625,1.0
254,-3.2995437279356556,0.11504821428571432,11.48174127,0.0
654,-0.5373407294217456,0.19684177611006906,6.276375310000001,1.0
144,-2.5862751441762892,-0.3959625789822443,4.723192500000001,1.0
522,-3.6928874755114753,0.14028850574712645,34.23584415,0.0
174,-3.8212686421596818,0.3632305194805195,18.510243539999998,0.0
676,-1.8097197946050478,0.03498382352941172,26.492127580000005,0.0
13,-2.58229899579665,-0.9845027760053392,5.8489225199999995,1.0
108,-2.7241795830320936,-1.5970159633097702,4.97466448,1.0
924,-1.6039529822035308,-0.6422291715228113,1.1211325,1.0
299,-2.893175685228899,-1.072683685861755,7.0057898199999995,1.0
541,-3.024131748075689,0.09379534883720932,22.487827499999998,0.0
608,-2.0091694886945044,0.0189424657534247,13.31669322,0.0
179,-2.752002088631393,-1.6189914985640241,5.727115459999999,1.0
756,-2.308603165319609,0.03035799086757995,12.081244980000001,0.0
560,-2.4592389030394224,0.059110582010581975,13.5692091,0.0
745,-1.1267031688346354,0.008086776859504105,2.2984199700000003,0.0
575,-3.3298073855754824,0.14589360465116286,14.20797822,0.0
811,-1.228948790396113,-1.613558456713588,7.074833920000001,1.0
679,-2.2566561611056457,0.030817972350230413,21.91763625,0.0
963,-3.275446176356595,0.21853033707865174,8.58438,0.0
20,-2.497384171299113,0.06915406976744182,24.583009999999998,0.0
138,-3.5899395062590327,0.2705393548387098,14.12061816,0.0
294,-3.776618368421943,0.22307358490566045,21.02029243,0.0
376,-3.7465085669505727,0.15053093922651942,20.88383824,0.0
228,-2.7551418086360604,-1.5019676761059049,6.443475,1.0
220,-2.474560357733856,-0.8141142823592866,5.452303639999999,1.0
588,-2.540842282118304,1.434258760461969,5.556385,1.0
87,-2.8577109756566164,-1.0896541942507543,7.52968608,1.0
516,-3.3991993789994823,0.07752732240437159,21.746462779999998,0.0
66,-3.6928874755114753,0.3313418300653595,19.8937554,0.0
319,-3.3524072174927233,0.13019374999999994,11.8508565,0.0
404,-1.369240606554063,-0.3513288808536839,2.11280069,1.0
900,-2.816749618025551,0.1033435233160622,17.69980134,0.0
224,-3.3214624136433017,0.1636177215189873,30.1155225,0.0
768,-1.1372491722830278,0.4941618721893727,32.43344931,1.0
1011,-1.708153885373258,-0.1949774105979087,1.5704060400000002,1.0
990,-2.3990959933748894,-0.8579850510580062,16.25508864,1.0
417,-3.0491330502811063,0.07725428571428568,47.61527658,0.0
17,-3.6888794541139363,0.18610123456790129,18.6252075,0.0
381,-0.867024490571237,-0.17251177318774036,0.39742516,1.0
160,-2.3454925940053224,-1.036907600352745,3.5086749999999998,1.0
751,-2.0923241675108497,-0.6627376475303337,2.72816422,1.0
1000,-3.103317484233928,-0.8554534263993725,8.33063375,1.0
42,-2.6050424510279813,-0.8295632545961605,4.346243749999999,1.0
509,-1.085893516260335,-0.07853417803164099,0.57814,1.0
737,-2.7364496756239083,0.0179441964285714,10.26647784,0.0
176,-2.9299445330159877,-0.2575766790326177,5.98324572,1.0
783,-2.2358614609511376,0.014389743589743577,5.37573375,0.0
920,-1.8476951015583583,0.011108860759493685,2.6883880799999997,0.0
684,-0.5210443239603225,1.5541556830516372,19.11615625,1.0
11,-3.661264287080963,0.3087240000000001,20.23757294,0.0
843,-2.004705195565819,-0.39182940626690943,7.37987625,1.0
998,-3.0159349808715104,-0.7840878198179598,8.6597308,1.0
528,-2.2749699259610723,-0.9225913369092197,15.763095000000002,1.0
869,-0.3828722594555299,0.009733739837398349,0.19891023,0.0
898,-2.3936044913812142,0.028966666666666724,7.15031471,0.0
934,-3.4326880487535263,0.1851364102564102,13.099668750000001,0.0
479,-3.372609924810243,0.15292399999999995,12.864070939999998,0.0
809,-2.864704011147587,0.08969677419354846,64.5707856,0.0
543,-0.5572186633357012,-0.04070265638389023,0.26967424,1.0
180,-3.3813947543659757,0.30125126582278483,12.802275000000002,0.0
752,-0.9403273097023963,0.008541908713692998,2.2649,0.0
924,-2.486507931154974,0.03669556650246301,13.013869439999999,0.0
595,-2.4580699958344407,-0.6652532589863432,3.6722399999999995,1.0
881,-2.074653024948039,-0.21458349233983998,2.6035875199999996,1.0
1013,-3.519980917652122,0.08123861386138616,13.62759728,0.0
488,-3.5578511917075324,0.0882275862068965,29.04435,0.0
936,-1.7087059140927694,0.03134444444444449,33.67704813,0.0
715,-2.2916451529557116,0.04404824120603018,40.18936299,0.0
140,-3.7422802308410517,0.2647568627450981,19.02112704,0.0
473,-3.302257433807252,0.0657745098039216,13.22162544,0.0
754,-1.297551151285502,0.01967207207207206,13.99693756,0.0
209,-2.2788685663767296,-1.2255969952739318,3.4235699200000003,1.0
230,-2.1252760780236355,-0.7847136098479628,3.477525,1.0
853,-3.0428238810878416,0.04909607843137258,10.184546249999999,0.0
245,-0.7609978474681197,0.1270869519529727,9.64184,1.0
303,-3.499913354601313,0.08678641304347832,19.0852675,0.0
266,-2.7936080894638566,-9.65372135469479,6.105972959999999,1.0
695,-3.0037644452512553,0.04257451923076926,14.52081664,0.0
494,-3.519980917652122,0.15897023809523805,19.93066568,0.0
960,-2.5257286443082556,0.19457845989313338,7.087000000000001,1.0
524,-2.783851914518492,-0.46664354490691135,8.40763044,1.0
391,-2.2995895840142473,0.06342041884816758,23.20315125,0.0
431,-1.4167535686045991,0.022612206572769893,10.14559375,0.0
181,-3.4802405890026082,0.2923464968152867,18.00401372,0.0
647,-0.6243676651651197,0.03514946317993495,2.47490048,1.0
88,-1.702650294156279,-2.071886721680421,10.15613774,1.0
914,-0.14931240318700914,0.00885201612903227,0.06459749999999999,0.0
494,-2.4710037446190087,16.030685604068033,13.726323650000001,1.0
745,-0.6367668471238376,0.3301684682052776,12.9582782,1.0
628,-2.3957974747162245,0.09282134146341466,57.206245,0.0
802,-1.036482917202561,0.004432244897959222,1.81932724,0.0
909,-0.008334636790057628,0.006800404858299583,0.0041651399999999995,0.0
664,-1.567336736415465,-0.06640051603005523,1.110795,1.0
354,-3.81217767045843,0.25501194968553453,27.53632375,0.0
557,-2.1991263846258158,0.03413262032085563,21.371816250000002,0.0
114,-2.54720767598538,-0.4982166543846721,4.336512389999999,1.0
483,-3.1419147837320724,0.07883138297872343,13.77792288,0.0
35,-2.9488486876551407,-1.4360737129836973,6.43079,1.0
82,-3.767922661454389,0.33009072847682125,21.48020721,0.0
421,-0.7830718880879323,0.7524318205935405,6.8150125,1.0
874,-0.329059776905759,0.008242857142857116,0.13794732,0.0
742,-1.4401171678173972,0.30235260946407816,18.53050752,1.0
465,-3.8490482062667577,0.19838154761904767,21.206369459999998,0.0
810,-1.9899665352522333,0.4227912122648966,16.17274461,1.0
410,-3.952844999948401,0.22470361445783138,20.555600639999998,0.0
816,-2.226550406718048,-0.7143846042540877,2.7950631799999996,1.0
956,-2.611831343361667,0.030939719626168285,8.84714422,0.0
400,-2.6606896297423726,-2.303923257466463,6.08596233,1.0
690,-2.462753845146867,0.02579575471698119,10.29393216,0.0
861,-1.6906479678596436,-0.4714615114601719,1.9538655200000001,1.0
828,-0.515838165589535,0.004671428571428545,0.253725,0.0
733,-0.9336912465543225,0.006682127659574481,1.69359273,0.0
353,-2.015903520875848,0.3935694169615661,7.656229440000001,1.0
325,-3.6651629274966204,0.23748987341772157,22.69610752,0.0
688,-2.50470127711618,-0.7091451911186304,3.7673912499999997,1.0
310,-3.7422802308410517,0.19066686390532547,19.3023702,0.0
454,-3.20398721237445,0.05170256410256407,25.312748019999997,0.0
991,-2.2739976361421332,0.023940888888888845,5.84857875,0.0
46,-2.810082926667362,-1.1561883160229403,5.7859725,1.0
567,-3.6045383056801854,0.12011202185792354,18.01013728,0.0
940,-1.88321707971689,-0.4407358752613041,4.9090275000000005,1.0
9,-2.0786418615092717,0.12556477987421383,29.317184999999995,0.0
837,-2.0675129708145623,0.4186133721571483,12.938318800000001,1.0
949,-0.292091780940481,0.004146311475409797,0.5755563600000001,0.0
719,-2.405725851913559,0.03979138755980855,23.34901866,0.0
435,-3.5267606046375013,0.09850647058823536,24.89248902,0.0
454,-2.4545714499919273,0.40852922581757545,10.74072125,1.0
783,-2.4998172625237545,-0.6909088054719617,4.784377500000001,1.0
315,-2.270117902856544,-0.5808757561158395,2.8781962500000002,1.0
943,-0.3930425881096072,0.004032793522267258,0.137835,0.0
853,-1.593072558347836,-0.39091476562874045,2.9309151100000004,1.0
899,-3.074775480894444,0.7268744885257853,9.786509039999999,1.0
666,-1.152013065395225,-0.10787751801911673,0.7004772,1.0
393,-3.0597376035299035,-2.032097009977393,6.92029198,1.0
253,-1.5735882595404032,-0.184220711221353,1.14015,1.0
405,-1.9118952704680356,-0.39932912637248835,6.896717499999999,1.0
156,-2.928073625080176,0.08108975903614464,17.98781815,0.0
688,-3.958066943929553,0.14005163043478258,22.74658728,0.0
439,-1.5380479163474274,-0.23430331004287233,1.4463128399999998,1.0
258,-2.8699810682484306,-1.7627041096008669,6.14249811,1.0
826,-0.818710403535291,0.007546382978723444,1.2623624999999998,0.0
441,-1.236495996031496,-0.35397377417623943,0.8603099999999999,1.0
551,-3.902072674574978,0.1750917647058824,35.2302342,0.0
409,-3.70500883604382,0.13796373626373623,19.77952668,0.0
445,-1.0070363451809001,-0.10210996916845151,0.54184949,1.0
577,-1.0927296255099543,0.022597311827957024,85.37717076,0.0
822,-1.4947708374559745,0.01277051282051286,5.45984331,0.0
546,-3.653512310276645,0.17477000000000006,44.52425229,0.0
396,-3.6458199646534895,0.08936686046511635,20.842045380000002,0.0
807,-1.284098848805221,0.40335590702872803,20.20794048,1.0
343,-2.615926912226404,-0.6544380484440785,4.0342062499999995,1.0
480,-2.7985221042662856,0.09285714285714286,28.688972970000002,0.0
284,-3.547379891840237,0.14438975903614465,18.60600096,0.0
571,-3.789805372703897,0.19140639534883716,18.926562099999998,0.0
618,-4.160484364726646,0.18699766081871338,34.18902552,0.0
649,-0.9771028712709124,0.009765454545454588,17.99974912,0.0
580,-0.39928424903308335,0.0697872879587396,5.774447639999999,1.0
786,-3.139602643973693,0.04681981132075476,13.463234359999998,0.0
53,-2.405725851913559,-1.8898353557365506,4.445353659999999,1.0
672,0.0,0.03449268008150389,0.0,1.0
172,-2.215490386143112,-0.8366455685632693,2.84796822,1.0
115,-3.83970234384852,0.2883900662251655,23.081056249999996,0.0
593,-3.858482238500116,0.21921488095238098,22.738239869999997,0.0
8,-3.233989462678249,0.2125565789473685,17.075140479999998,0.0
471,-1.8078888511579385,-0.4268671045019041,1.6823612000000001,1.0
173,-3.902072674574978,0.2799740000000001,24.45807516,0.0
479,-0.7273246323615318,-0.05176949891149962,0.31610944,1.0
910,0.0,0.0034181451612903357,0.0,0.0
642,-0.440677863863909,0.06543279341402185,11.84758188,1.0
374,-2.2837633387534577,-0.434754110582673,6.139475,1.0
894,-1.7849824849490312,0.028582439024390213,12.505999760000002,0.0
194,-2.497384171299113,-1.345546913178042,5.20684941,1.0
592,-2.388142981355692,-0.825321416773225,4.11684444,1.0
743,-3.5972122655881127,0.072547263681592,18.500252579999998,0.0
552,-3.3639015969184585,-2.3761395443386344,11.78908846,1.0
857,-1.2772606000957683,-0.1232355156797164,0.84219904,1.0
14,-2.6324790142551358,-1.3354135600627133,4.2726575,1.0
145,-2.7806208939370456,-0.9200297033677196,7.08815,1.0
167,-3.144232281872435,0.4386155844155845,37.44006921,0.0
962,-1.6928195213731514,0.22757621361711244,22.9486272,1.0
151,-0.8005096988884447,0.1363387079083028,4.20658497,1.0
981,-2.153303390278291,0.019748148148148178,7.4434612499999995,0.0
342,-3.7942399697717626,0.13027939393939403,21.560436,0.0
852,-3.8490482062667577,0.11289479166666672,19.33667037,0.0
416,-2.3217679124108197,-1.8069974027929387,3.2945217300000005,1.0
917,-0.30543879404103996,0.003953846153846116,0.13203456,0.0
928,-1.8394802054394668,0.14522423180014615,9.439978870000001,1.0
142,-3.396209840151116,0.19643184713375794,11.475006250000002,0.0
844,-0.9888614247089905,0.02091094527363187,64.9589376,0.0
931,-3.3696987146027846,0.13783212435233155,11.208954480000001,0.0
464,-3.177254150177381,0.1287732954545454,13.61122611,0.0
962,-2.9150743705365367,0.132366847826087,10.21444528,0.0
866,-1.3401744255063375,0.010998617511520694,11.558469999999998,0.0
376,-2.296603021316498,-0.7683679935235989,7.51650002,1.0
372,-2.249044326066016,-1.1183587494658511,3.4335819,1.0
944,-0.4287849134297812,0.0013072580645160908,0.1465425,0.0
3,-3.7172789286356345,0.26917870967741936,21.24964287,0.0
240,-3.473768074496991,0.11817590361445782,15.7162281,0.0
178,-2.2936253516225737,-3.168127023105257,3.12495372,1.0
695,-1.0900490580076219,-0.162505990248748,0.6696095400000001,1.0
945,-2.2916451529557116,-0.2795413846156831,2.8270087499999996,1.0
669,-3.5935692743096115,0.09578709677419348,16.026656250000002,0.0
811,-3.6268440631944836,0.10369690721649483,26.12496656,0.0
631,-1.9477117710019414,-0.3398749329425988,2.05818858,1.0
253,-3.1748589394514264,0.08007802197802193,9.9395175,0.0
535,-1.1628308609947609,-0.1930566625311388,0.76455708,1.0
899,-2.22747762050724,0.02730821917808222,10.7274475,0.0
890,-3.022076248893593,0.057397607655502454,8.83641046,0.0
839,-0.3099276813991006,0.01355421686746988,0.11611305000000001,0.0
383,-3.473768074496991,0.35684771241830066,13.2320927,0.0
531,-2.1874722858935414,0.026754245283018837,11.791748759999999,0.0
620,-3.979231755121596,0.1545601123595505,33.721865210000004,0.0
859,-2.5182566294695543,0.04536975609756102,8.4499025,0.0
395,-2.8967923256990873,0.08919644970414195,55.92909816,0.0
599,-3.958066943929553,0.18065287356321846,23.79541985,0.0
270,-2.4326937783410663,-0.36746079953206906,3.40517374,1.0
874,-0.08446915662644996,0.03635773103303349,0.17994020000000002,1.0
375,-2.50715225873532,-0.7882131444857069,4.56467645,1.0
948,-0.9563317814113389,0.006935510204081594,1.38029031,0.0
43,-2.6352645313765626,-0.3936128203314708,4.80719103,1.0
158,-2.7333680090865,0.06134010416666665,17.3514835,0.0
256,-2.7887181041696647,0.0658768361581921,13.0897584,0.0
870,-0.7522604450524519,0.05838252994784213,7.75486446,1.0
1017,-2.5613558219514063,0.02380859728506783,5.9350742400000005,0.0
784,-2.2072749131897207,0.02015670995671001,6.27275,0.0
241,-3.079113882493042,0.06631853932584268,15.3958182,0.0
818,-3.3610155920293234,0.08217754010695186,16.900635,0.0
682,-2.9058915695542016,-1.2450078906627782,10.284054009999998,1.0
984,-2.449925680892755,0.02099383259911897,7.2844362899999995,0.0
25,-2.5717725828096625,0.037459999999999986,10.723060879999998,0.0
699,-0.7291889519072109,-0.05892205286688175,0.28735434,1.0
283,-3.1748589394514264,0.09634692737430174,16.74368806,0.0
107,-2.6897192444174864,-1.6190523857190524,5.075525,1.0
302,-3.009831197933493,-0.606820550344797,7.751192499999999,1.0
609,-2.3794661373300032,0.019189400921658942,5.8604225,0.0
370,-2.877060743836492,0.04740757575757571,11.59615604,0.0
988,-1.8991219875565544,-0.6687865890266956,1.84568124,1.0
458,-2.4349742810397914,0.0647264248704663,27.505305,0.0
433,-3.338222582500767,0.08814835164835168,14.06480535,0.0
151,-3.9170355472516905,0.2444303225806451,23.01551415,0.0
549,-1.3041615315813684,-0.9695824099422065,37.704245,1.0
991,-0.9421214919086767,-0.4557342640055913,1.14667466,1.0
140,-2.3655248927679198,-1.192810982218119,3.6167181299999998,1.0
652,-3.582719258285546,0.0705396825396825,20.816639999999996,0.0
513,-3.6268440631944836,0.13465232558139537,27.69536672,0.0
905,-0.008334636790057628,0.027245391840609878,0.0041651399999999995,1.0
556,-3.6458199646534895,0.1046876470588235,30.013478370000005,0.0
943,-2.1012782362890103,-0.3000723252873901,2.54129616,1.0
747,-0.5561717255328675,0.14973222530009242,12.01513828,1.0
921,-1.1586808151342292,-0.19938859405491313,1.20327287,1.0
731,-1.5601716711311824,0.01238479262672811,8.62286117,0.0
41,-2.403511011584006,-0.9636131338026649,4.54712,1.0
443,-1.228948790396113,-0.11931086925526349,1.04727392,1.0
464,-2.4315554742910055,-2.9794139685293994,15.12686043,1.0
867,-1.66812690878278,0.3067163906255713,17.25533462,1.0
716,-0.6299846056023053,0.2438360059563452,42.82993442,1.0
746,-2.1261139498782664,0.018562820512820568,6.42480606,0.0
254,-1.0429883849201127,-0.06842882223370925,0.84724008,1.0
1019,-2.491327217590923,-0.6134287378317663,4.01441724,1.0
37,-2.2936253516225737,0.19852941176470587,62.029960030000005,0.0
293,-2.2557015070951953,0.8515939750410603,5.43432016,1.0
135,-2.4686396773241284,-1.1868805673879106,5.23163949,1.0
153,-0.8449007357874821,1.0101327613623765,1.42842,1.0
918,-1.3823023398503531,0.010520588235294065,2.0111375,0.0
900,-1.6702500518308578,0.23336253124532652,15.786837060000002,1.0
439,-3.6769508832486624,0.1022338541666666,18.05144374,0.0
862,-2.422495389666603,0.039596097560975596,6.94372871,0.0
868,-2.0996442489973552,0.5380954415345839,19.5576395,1.0
937,-1.5403783765026058,0.01657429906542053,9.91047494,0.0
122,-1.5324768712979722,-0.5241937615648956,1.8954,1.0
763,-0.6955500651762556,-0.08670667255126488,0.39071004000000004,1.0
808,-0.7440195109337019,0.05532684898004934,3.98374416,1.0
270,-3.649658740960655,0.169921875,17.883125,0.0
514,-2.4384048161365803,0.028081122448979527,18.744401250000003,0.0
133,-3.6573807870545654,0.22620967741935483,25.6230507,0.0
38,-2.206366235253503,-0.643028872093475,3.23281125,1.0
869,-2.269150316907808,0.4215491092408253,17.32682072,1.0
885,-1.4705459135674817,-0.09510579013333524,1.005375,1.0
891,-0.7715412479879573,-0.11147757187111668,0.31783125,1.0
288,-2.569158202235591,-1.3618752865657957,4.25513,1.0
116,-2.783851914518492,-1.8484009526011063,6.18334956,1.0
523,-3.8873303928377747,0.15178263473053893,39.37777555,0.0
160,-3.1796551117149194,0.13334193548387102,21.59438528,0.0
767,-0.9349639971397764,0.00917038626609438,3.92274142,0.0
778,-1.7909597890574906,1.807144706186902,27.155040000000003,1.0
65,-3.70500883604382,0.2428929032258065,21.774072540000002,0.0
704,-1.483245887196341,0.011904761904761904,5.28393375,0.0
889,-0.8594379202813722,-0.1100824797699842,0.48513172,1.0
598,-3.844364356954331,0.22296424242424237,22.416857379999996,0.0
728,-2.9622974974677536,0.053684153005464426,21.785950890000002,0.0
715,-0.8022926278207433,0.07577404220741239,6.657254999999999,1.0
15,-3.249335032352909,0.11920387096774188,21.222470920000003,0.0
76,-3.78539035449478,0.2834457516339869,23.795842500000003,0.0
64,-2.739540868193581,-1.8269673662712382,8.55680618,1.0
974,-0.12522314475407806,0.0079559183673469,0.08452433999999999,0.0
961,-2.7150748160391744,0.21641976330381515,7.487219999999999,1.0
639,-0.7160064747060279,-0.05893599133401231,0.26472879,1.0
355,-1.8420006856648017,2.2698067240539213,3.1865156999999997,1.0
914,-1.8805906829346708,-0.2755184115081887,2.08925,1.0
768,-2.3025850929940455,0.019941552511415512,16.64834,0.0
368,-1.9498177738863303,-0.7429956018895586,3.151945,1.0
79,-3.725543438485528,0.2557052631578947,26.202124910000002,0.0
724,-2.449925680892755,-0.2798374820146136,3.4066925,1.0
713,-2.047942874620465,155.1873065015479,16.824825,1.0
552,-3.2649197633696074,0.13315917159763307,51.1521875,0.0
269,-2.7774002792370034,-0.3266256893178372,5.43057626,1.0
134,-3.0078048547882603,-3.3253486090326163,7.44869502,1.0
536,-1.023597584862664,-0.12065922270245762,0.57638906,1.0
666,-3.733876820044672,0.16056511627906975,22.904070270000002,0.0
218,-2.584948003968227,-0.64836014376889,4.84978832,1.0
539,-1.3830994702233714,-0.17748862439608457,0.91647336,1.0
490,-2.9681171065210177,-1.8299436480111604,6.752675,1.0
1003,-3.199073197572021,0.11030710659898481,12.52781136,0.0
165,-2.558768498386456,-6.451170597104087,4.436312579999999,1.0
90,-0.38728143767453577,0.2679815412864725,0.30265361999999996,1.0
892,-1.3104450488364527,-0.48576872071342636,1.09678899,1.0
888,-1.0034839435765324,-0.0818633376797088,0.6048899999999999,1.0
751,-0.9565920286476808,0.01170173160173163,8.82380614,0.0
741,-3.2570970376883985,0.06694215686274516,16.788244549999998,0.0
426,-2.9022419304666522,-14.385658710966252,8.25032808,1.0
289,-2.8629511623201727,-1.4396513376090274,6.56197768,1.0
969,-3.0200249661230356,-0.7220349569580677,7.441795040000001,1.0
955,-3.2264040912889924,0.06484009661835746,13.58517723,0.0
330,-3.638186339798418,0.23496071428571424,19.317678750000002,0.0
143,-3.4609473860679296,0.31004901960784315,12.897813759999998,0.0
159,-0.7242251361308067,-0.04930682649007853,0.27870249999999996,1.0
686,-2.821778966430553,-0.42327475185324787,10.9348624,1.0
77,-3.816712825623821,0.22386580645161283,22.1331022,0.0
434,-3.0533613863906273,-1.3501788640633117,7.64463,1.0
734,-0.7465479572870606,0.005031779661016949,2.2396499999999997,0.0
714,-1.165393322358461,0.011308403361344485,3.5415179400000003,0.0
604,-2.3065931143915845,0.02624074074074077,6.19802832,0.0
125,-3.6458199646534895,0.31714640522875825,18.21301065,0.0
383,-0.7064350748868807,-0.05970994831424173,0.259035,1.0
57,-3.2365307601069215,0.08584651162790702,13.567342500000002,0.0
155,-2.3687248954985907,-0.6891740806673531,3.3356700000000004,1.0
893,-1.8825598335545515,-0.6936615786354227,2.12763424,1.0
335,-3.506557897319982,0.10632240437158466,14.870127,0.0
999,-1.9646853043816475,0.014890366972477122,10.257971340000001,0.0
207,-3.863232841258714,0.17680127388535033,27.913200000000003,0.0
365,-2.8682189532550315,-1.1724553851672497,7.298800000000001,1.0
865,-0.8018465974832862,0.0870136037319479,9.5287413,1.0
120,-3.8212686421596818,0.19307672955974836,20.97281094,0.0
223,-3.3932292120129786,0.14664702380952374,17.49804,0.0
381,-3.4834926243889854,0.13975965909090912,12.81520231,0.0
803,-1.8891518152367044,0.2911098463289696,15.17292,1.0
741,-2.2681836662767134,0.25236225761669495,11.28796875,1.0
678,-0.9741847102930576,-1.4805661304187638,29.61800825,1.0
323,-3.872802292274865,0.1782585365853658,24.05883792,0.0
46,-3.9845936982629815,0.36695496688741724,24.066463739999996,0.0
861,-1.333322476353785,0.01405525114155254,4.01220288,0.0
905,-0.27496330004400615,0.0006375510204082145,0.17091,0.0
505,-3.3932292120129786,0.08151818181818185,16.08837888,0.0
378,-3.5684333010380693,0.1695742331288344,17.16240438,0.0
972,-2.6380578292821752,-1.036619517464016,4.9510746999999995,1.0
832,-0.8996794660689582,0.07914865674226625,9.93027189,1.0
109,-3.7214026458194964,0.26822039473684206,16.18425578,0.0
787,-1.77313400510489,-0.21536645370504237,1.55720184,1.0
936,-0.5364853705465683,-0.3600926413306666,4.454246159999999,1.0
971,-2.119430549896199,-0.49134238132663177,7.619348169999999,1.0
245,-3.738069698304708,0.20857988165680474,20.11595992,0.0
350,-2.6464848454440553,0.04590362694300515,8.74640125,0.0
363,-3.1796551117149194,-1.1001682641909074,10.18732,1.0
855,-1.0903465442510771,-0.057592587459235824,0.5461625,1.0
1002,-2.5876040480263427,0.05921487179487176,29.57365584,0.0
763,-1.876011021675646,0.01306962616822427,5.9664965599999995,0.0
236,-2.877060743836492,-1.867894206838258,6.529628960000001,1.0
221,-2.8594546552614433,0.05793910614525147,11.74386993,0.0
275,-2.855970331178832,0.05061780104712045,13.21278125,0.0
1021,-1.4735966895226873,-0.5258326918206506,1.79080597,1.0
710,-0.5176824112292039,0.07364765846258323,4.0893637499999995,1.0
305,-2.246204759557938,-3.564560634938698,5.27325186,1.0
951,-1.0398717936455097,0.0037084388185653475,2.7852972,0.0
525,-2.698595042331455,-4.960260043340558,10.38523125,1.0
403,-2.481711758891481,-1.541859966622265,4.32212,1.0
791,-0.7254637820364884,0.021484166666666717,2.24704697,0.0
300,-3.2089254940150327,-1.2159434299454122,8.97166032,1.0
16,-3.3298073855754824,0.09877257142857145,14.83104858,0.0
136,-2.50470127711618,-1.2345678492472891,6.1230718600000005,1.0
759,-2.7165865321244964,0.0797718918918919,34.223830240000005,0.0
717,-2.946942109384559,0.03881601941747579,16.46312325,0.0
185,-1.4550015591296814,-4.667471430870755,1.896375,1.0
852,-1.8991219875565544,-0.38800686189399475,2.00847999,1.0
71,-3.2314546070750607,1.2863636363636364,10.0203284,0.0
886,-1.5223432055831665,-0.10349801175154537,1.2164650000000001,1.0
367,-2.3507254683219805,-1.6944792823306678,3.7270209899999998,1.0
336,-3.6651629274966204,0.15700186335403724,20.098027520000002,0.0
244,-1.238564249095555,0.25138350168014406,7.315044660000001,1.0
572,-3.438899248846167,0.09809945945945951,16.34665857,0.0
782,-2.526979426209908,-0.7592231877117284,6.4049837499999995,1.0
947,-0.7009777596751339,0.004886831275720165,1.1431136199999998,0.0
304,-3.249335032352909,-2.2060852482982316,10.42426796,1.0
867,-1.1353800128603244,0.00815416666666664,2.39101821,0.0
311,-3.776618368421943,0.21321987951807225,23.53442389,0.0
340,-2.3740810946991155,-1.1015767642018846,4.9971425,1.0
1008,-0.8869746775401021,0.007966666666666612,5.004585,0.0
321,-4.011843340710357,0.28288164556962025,26.979639180000003,0.0
569,-3.5972122655881127,0.14726555555555557,15.530892660000001,0.0
880,-0.2307977702510693,0.0076563999999999625,0.09264813000000001,0.0
827,-1.271538123821702,0.010548458149779708,4.36139768,0.0
208,-2.269150316907808,-0.35024227500198585,3.06107428,1.0
597,-1.926205565780978,-0.5739832763207906,2.00276306,1.0
765,-0.36010940638736716,-0.05548794197792398,0.14531008,1.0
434,-3.1844743981508685,0.07024999999999997,13.36064112,0.0
664,-3.4545981583892704,0.1325269662921348,28.22314184,0.0
360,-3.396209840151116,0.3037548387096774,33.590450000000004,0.0
789,-1.6014697427849236,-0.1450491896772967,1.27512,1.0
495,-2.445301395195641,-3.301240329117033,13.45981086,1.0
856,-2.08104282304681,0.03421499999999999,5.640435839999999,0.0
735,-1.2819343457956478,0.006476923076923104,2.24775,0.0
82,-2.4281483159693913,-0.3623387969049006,3.78194544,1.0
74,-2.0091694886945044,-0.2721342952309511,2.9680755299999997,1.0
589,-2.4476108650443034,0.8339946849175436,5.1744992,1.0
981,-1.4233733693613113,-0.039162213691193964,0.96461178,1.0
892,-2.3783868064103277,0.03799386792452829,9.31711941,0.0
385,-1.6702500518308578,0.04562320441988952,105.46415588,0.0
448,-3.1326981286271485,0.04814449999999994,14.68430124,0.0
73,-2.312635428847547,-1.0593110051718442,3.2051250000000002,1.0
550,-3.780994743021742,0.13958023255813956,27.128865,0.0
91,-3.2570970376883985,0.10142758620689661,13.669586699999998,0.0
67,-2.8949823704538478,-1.6802006375872887,5.70350375,1.0
60,-1.8489649429988342,-0.2970180854771672,9.701081420000001,1.0
633,-3.1055471395611978,0.08728361581920899,32.29146816,0.0
402,-3.0261914810386994,0.08768079096045193,18.55529005,0.0
798,-0.18632957819149348,0.003341322314049639,0.15562499999999999,0.0
100,-2.727233020518984,-2.006409208331971,7.25176782,1.0
238,-3.6343912688298667,0.31906814159292035,19.640063519999998,0.0
570,-0.6614547338274556,-0.0742959719502156,0.24297988,1.0
90,-1.8496004689179049,0.027382999999999953,10.9362825,0.0
17,-2.652142569163914,-1.0613655369177037,5.55246015,1.0
657,-1.4863357153001169,0.02030506912442402,15.227964960000001,0.0
890,-1.2402910670000475,-0.09684093666952907,0.74977881,1.0
346,-2.08104282304681,-0.2139668315791175,2.23392,1.0
820,-2.08104282304681,-0.1620410619942487,2.24119584,1.0
96,-3.8537540973041704,0.2553314465408805,28.818046159999998,0.0
939,-1.9498177738863303,-2.141736009780337,11.181820160000001,1.0
845,-2.820099704910833,-0.8989823714267728,8.849360319999999,1.0
104,-3.0470255679415414,0.7084833333333332,8.191968750000001,0.0
225,-2.1498640059763816,-0.6612245944075662,10.057351800000001,1.0
937,-1.867561182644337,-0.9316069853957853,26.0834625,1.0
896,-2.6009911288088023,0.03209903381642509,10.368218279999999,0.0
258,-2.9022419304666522,0.061019473684210596,25.70486625,0.0
749,-1.9973087121413138,-0.5009288095315548,3.33200494,1.0
985,-2.7318307297676134,0.028351131221719485,7.393192170000001,0.0
326,-2.5157783134550873,-6.236250576783635,6.31485936,1.0
953,-0.9021413087697355,-0.19131114930186863,0.44627000000000006,1.0
150,-2.614559858014871,-1.2268692923006097,8.47076256,1.0
982,-1.2269003089696406,-0.07855106788300335,0.8832650000000001,1.0
396,-2.643667942172942,-3.8099044543130134,5.7087398700000005,1.0
668,-3.725543438485528,0.1565934065934066,20.473352470000002,0.0
574,-0.5549516818085458,-0.05466832682821723,0.19852378,1.0
793,-1.66812690878278,0.02229475982532754,4.87845962,0.0
712,-2.355985869721161,6.024479392103113,17.13707184,1.0
744,-1.8553384508709263,0.011545333333333348,10.619560000000002,0.0
410,-1.7963700817857382,-0.15758376755439998,1.5636075,1.0
19,-2.3217679124108197,-0.2505319515857728,3.6877457700000007,1.0
691,-1.870802676568508,0.042645077720207286,27.4152032,0.0
843,-0.5875266986962615,0.0054685714285714155,0.70390519,0.0
592,-3.684887432844399,0.14081693989071034,20.24210082,0.0
877,-2.6794627442502974,-0.7364311971364949,4.923765,1.0
169,-3.523365015636363,0.35364299065420557,25.4002375,0.0
568,-1.0503937163976353,-0.13393222626647053,0.6034050000000001,1.0
514,-1.0252688944439001,4.030429927414855,26.87409096,1.0
102,-2.0402208285265546,-0.6309127300589513,3.5127040000000003,1.0
883,-0.20653228550901287,0.006541767068273041,0.08475628,0.0
681,-3.107781777362614,-3.6624931675321126,8.29986024,1.0
305,-2.65356201581814,0.05961477272727271,13.67578432,0.0
821,-2.155890713843242,-0.2745598755461139,2.69573136,1.0
110,-3.405205403059694,0.15730838709677422,26.54326056,0.0
850,-2.7135653817903203,0.13680439560439567,43.50909654,0.0
355,-3.8873303928377747,0.22513105590062119,39.416895700000005,0.0
291,-4.006333684899388,0.2943284810126581,26.102139700000002,0.0
648,-2.1353771740101393,0.1120175204393099,5.69625894,1.0
789,-2.0980129272652714,0.017092139737991226,8.651883750000001,0.0
570,-3.763603000309873,0.182677094972067,19.3894,0.0
583,-2.9778923554256598,-4.76882511920195,16.04198503,1.0
1021,-1.1625110145183415,0.00823886462882092,3.3758466599999997,0.0
606,-0.5078301147861922,-0.052301570967963194,0.23572506,1.0
38,-3.5935692743096115,1.0688415584415585,18.599625,0.0
531,-2.7211354406508654,-0.6124211765965419,6.6156438600000005,1.0
707,-1.9105430052180221,0.013399999999999973,6.4423216000000005,0.0
469,-3.1844743981508685,0.05798088235294121,13.894187760000001,0.0
412,-1.5469327070827033,-0.1798943999081222,1.1718441800000001,1.0
532,-3.1122660898099426,0.08764535519125678,22.2555625,0.0
432,-1.443076375218875,0.013918018018018003,5.6530454599999995,0.0
717,-1.404865746705326,-4.2211154484677165,2.9897818199999997,1.0
543,-3.23907853218572,0.10997582417582422,15.474529279999999,0.0
693,-1.5145823814214214,-0.10711291638322079,1.4320987500000002,1.0
830,-0.6299846056023053,0.0033691666666667195,0.43497442,0.0
921,-2.553613847797791,0.028026905829596414,5.370145,0.0
316,-3.486755270023802,0.16215662650602414,17.11432602,0.0
485,-0.795844578798288,0.11093982668932006,11.65977504,1.0
15,-2.7257051363409306,-1.3228171386461736,6.2686251,1.0
30,-3.3610155920293234,0.09241215469613255,12.5223625,0.0
174,-2.855970331178832,-0.32397074644545326,7.4805085,1.0
177,-3.6809112844647593,0.2915322580645161,16.78561416,0.0
359,-3.4577677331505496,0.3287045161290322,29.121356249999998,0.0
682,-2.34236596300589,0.039196568627451044,37.682808879999996,0.0
146,-3.78539035449478,0.24180967741935488,21.77657989,0.0
386,-2.0955709236097197,0.9691256632022672,3.9867375000000003,1.0
77,-2.9299445330159877,-1.2832504177547353,6.20797428,1.0
533,-3.191747157479948,0.06079801980198026,19.215281609999998,0.0
108,-3.9271366432381942,0.3239142857142857,23.184275959999997,0.0
908,-2.700082031453033,-0.5665445035186428,8.122242239999999,1.0
145,-3.844364356954331,0.2667694267515924,26.95036392,0.0
1,-2.7287632426997517,-2.739274452129211,9.86410699,1.0
542,-0.9225603448877504,-0.07226113721107734,0.3991695,1.0
627,-1.7873691209267621,-0.39047974524246615,1.6133174999999997,1.0
660,-0.6506625689537899,0.008764102564102604,3.7236337500000003,0.0
589,-3.952844999948401,0.15411724137931027,26.664478079999995,0.0
4,-2.580977118538734,-2.028697841266519,4.54862375,1.0
329,-3.835061964292018,0.310214074074074,26.845469280000003,0.0
196,-3.3270179834879037,0.3369439393939393,11.79479422,0.0
696,-1.598497972395766,-0.19597793979355901,1.16685576,1.0
159,-1.648698626387403,0.030717171717171685,16.476110159999998,0.0
616,-3.958066943929553,0.15706369047619043,39.49172153999999,0.0
910,-2.08104282304681,-0.26931239012440844,3.042,1.0
285,-3.5267606046375013,0.17539058823529405,14.04205152,0.0
360,-1.5764868122944145,-4.48747718515514,11.39778939,1.0
913,-0.23889190828234896,0.005114056224899636,0.09513,0.0
369,-2.2256240518579173,-1.1868746859153,3.2998536,1.0
5,-2.509609262428372,-0.8929452684432069,3.6418985399999997,1.0
794,-2.933696882634538,0.050857560975609804,14.410326559999998,0.0
703,-2.6338708029279587,0.0382730569948186,15.333485940000001,0.0
836,-2.5194980945576195,0.3173940817672272,8.89223125,1.0
126,-3.2467610283577364,0.14631139240506327,14.901940369999998,0.0
968,-2.675099100962524,-0.8007717419317888,8.04953188,1.0
963,-1.5086880093339572,0.10502350068558927,6.63969404,1.0
211,-3.725543438485528,0.31837225806451613,21.4604475,0.0
61,-2.1136189934814222,-0.7854633253364145,3.7130900000000002,1.0
279,-3.451438598098902,0.12302554347826082,15.318891859999999,0.0
863,-1.5095925774643841,0.02180804020100501,13.9626032,0.0
482,-2.7120582224997487,0.790846236245009,7.71927888,1.0
720,-2.3279029009783354,0.042216145833333364,38.7830625,0.0
1004,-2.513306124309698,0.039571980676328444,8.4452625,0.0
548,-3.4451492691913383,0.11265287356321833,17.19290375,0.0
536,-3.4265151896464454,0.08934224598930478,25.823820750000003,0.0
565,-3.6268440631944836,0.1354908571428572,18.843437339999998,0.0
10,-3.6306105459899607,0.3329426666666666,16.54549495,0.0
302,-3.4609473860679296,0.0783163043478261,21.80363876,0.0
154,-3.6156289923743437,0.2764558441558441,15.52757577,0.0
909,-2.6693103727862795,-0.8850306735410709,6.50986875,1.0
328,-2.4179959445053734,-3.0504952944086505,3.66906672,1.0
282,-2.5257286443082556,0.03932897727272724,14.693336,0.0
197,-3.473768074496991,0.24456209150326802,15.204855199999999,0.0
767,-0.8209805520698302,-0.08556359940363142,0.322652,1.0
149,-3.092243173934835,-0.48547150582879706,8.30139,1.0
769,-2.0955709236097197,0.8819581201859772,22.157429099999998,1.0
889,-3.0449225177447627,0.047260093896713554,8.35737,0.0
819,-3.4641371814360293,0.0750907766990292,14.07822042,0.0
739,-2.7165865321244964,0.023544090909090896,9.10775375,0.0
218,-3.3270179834879037,0.09417643678160914,12.091870310000001,0.0
986,-3.228926160721702,0.04365906976744181,10.369755000000001,0.0
280,-2.3176987308040937,-0.6165036820607614,3.6272625000000005,1.0
516,-0.5728783481690007,0.13276784517324186,30.382480879999996,1.0
1018,-2.4733734139743273,0.020410810810810868,7.2982725,0.0
709,-1.8714522381373035,2.517672840378905,22.45080888,1.0
509,-3.6306105459899607,0.16737848837209296,17.4425226,0.0
347,-2.425883309338539,0.048215196078431416,11.197336280000002,0.0
170,-3.9170355472516905,0.4376164179104478,24.246577900000002,0.0
672,-2.667868411469378,0.05879637305699484,53.468071020000004,0.0
610,-0.3578184546408113,0.0354354234722335,3.11437664,1.0
707,-3.0261914810386994,-11.030251180617345,13.697006250000001,1.0
624,-4.034190639402354,0.19238273809523812,39.09074736,0.0
306,-2.2995895840142473,-3.8800962206130345,3.50339876,1.0
301,-2.514541454917691,-0.18209522787299373,4.86916875,1.0
598,-1.9365540541312884,-0.43419533208389205,1.71598,1.0
640,-3.0900429530252325,0.057157843137254916,12.525012499999999,0.0
250,-2.4157537910996836,-0.8705515201012499,3.7621375599999998,1.0
527,-2.3136460403534707,-1.954124613107254,16.987311249999998,1.0
133,-2.322787800311565,-3.6661683229267434,3.7958634,1.0
812,-3.6458199646534895,0.11206530612244896,19.8105525,0.0
277,-3.738069698304708,0.1468436781609196,19.66008758,0.0
911,0.0,0.0014433734939758784,0.0,0.0
503,-3.55434856115633,0.08331968085106378,22.8938281,0.0
932,-1.2180717287054377,0.0632076124681524,5.851900140000001,1.0
2,-2.682382454353632,0.07134540229885052,21.09170772,0.0
331,-2.8542327112802917,-1.9675841551350302,5.74296192,1.0
797,-0.8599103984380474,-0.04814791372312018,0.35443,1.0
697,-3.540459448995663,0.19020602409638548,36.2263157,0.0
214,-0.7438090953621733,0.11125117591721527,4.82229874,1.0
153,-3.738069698304708,0.29921870967741926,18.06400008,0.0
286,-3.3843402645957323,0.110901724137931,13.63994976,0.0
778,-2.543383579546976,0.0364395238095238,11.133690000000001,0.0
505,-1.2299746068649369,-0.14765992307452067,0.64913984,1.0
248,-2.5916013884589635,0.038021025641025594,10.87673083,0.0
32,-3.9633162998156966,0.3758278145695364,29.154230799999997,0.0
777,-1.4709811692870844,0.22887036427674823,17.46007125,1.0
946,-2.050271164380056,-0.16122198805221033,3.06573696,1.0
252,-1.7573580425107227,-0.24538932845853864,2.1231817499999996,1.0
804,-1.7147984280919266,0.19318212611440805,14.243255999999999,1.0
577,-2.1012782362890103,1.1118519870292123,18.62476125,1.0
156,-1.7743125556243344,-0.8752052928743438,2.51432,1.0
945,-0.8196178446138943,0.005947736625514416,1.9973719799999998,0.0
468,-2.9798589243977007,-0.7925042102405545,6.825615,1.0
76,-2.791975436039971,-0.780819587392775,5.61124875,1.0
134,-3.868006120011372,0.269915909090909,41.57828652999999,0.0
348,-1.4283671375417983,-0.11832019553800671,1.00273701,1.0
72,-2.8824035882469876,-0.9653485573769262,5.7953,1.0
336,-2.6091102532473065,-2.8258517131532233,5.70369088,1.0
840,-0.6451192115493638,0.047165197023973635,8.2296625,1.0
961,-3.0407296394847267,0.08398449999999996,11.08820424,0.0
1023,-1.870802676568508,0.023721363636363693,11.3311968,0.0
389,-2.3816283003344987,-3.9736633270508883,4.40016192,1.0
601,-0.9675840262617056,-0.048222611889110416,0.56525,1.0
993,-3.196625215933381,0.22771834319526624,8.549637839999999,0.0
303,-3.1844743981508685,-2.1312210863234484,11.829015,1.0
872,-0.02511270081507533,0.01774686139134149,0.07723584,1.0
422,-2.377308639189982,0.04210052910052907,22.852009279999997,0.0
240,-2.6549834801655177,-0.6565746705277465,4.71449375,1.0
559,-2.9778923554256598,0.07941966292134826,15.574127500000001,0.0
901,-0.952177010438564,0.07474271029118948,11.7795975,1.0
294,-2.363397232390803,-2.52035339223204,8.18395228,1.0
168,-2.7333680090865,-1.3004483902788986,4.8793355,1.0
903,-0.025010163004167762,0.017295549444953602,0.01219125,1.0
736,-2.707550326060559,2.4733770640126673,19.27573972,1.0
818,-1.7969730362809424,-0.2968303183396005,1.9108450000000001,1.0
285,-1.5755196942306398,-0.11444659754137249,1.33020148,1.0
384,-2.276917346245468,0.03303494623655911,29.37138408,0.0
692,-2.2246985543369746,-0.3854489824822815,3.1763347299999998,1.0
904,-0.270759405255873,0.008114227642276475,0.10488500000000002,0.0
215,-0.7584326472585748,0.09877915974092956,1.92432772,1.0
983,-1.290620611051608,-0.2922387209790513,0.7278595800000001,1.0
272,-2.9224818118143983,-0.9450270098506515,6.96530846,1.0
74,-2.1706800221141074,0.1341908496732027,65.64173,0.0
459,-3.8537540973041704,0.11820852272727271,29.10751096,0.0
388,-2.7211354406508654,-5.237828207051763,4.9210175,1.0
54,-2.9224818118143983,0.051047120418848166,12.24801654,0.0
307,-2.8084231752489974,0.04969518716577544,9.415344509999999,0.0
148,-3.3186961601504117,0.15040248447204968,19.894915460000004,0.0
340,-3.830443018435723,0.16538644067796615,22.94675397,0.0
970,-2.6091102532473065,0.08458214285714288,18.476978239999998,0.0
1003,-2.7015712350045007,-0.8192565066347741,5.22485557,1.0
129,-2.138767007764651,-0.9712642951118308,2.77516774,1.0
635,-0.5727010274840783,-0.14137298919130298,0.23028119999999996,1.0
503,-1.287354413264987,-0.43053814292288883,1.0924908,1.0
103,-3.3991993789994823,13.613933333333334,11.7371775,0.0
152,-3.8537540973041704,0.23651741935483872,25.233034999999997,0.0
442,-1.9011280062834202,0.03005595854922285,28.09342998,0.0
553,-2.3217679124108197,0.11166158536585366,62.47008,0.0
29,-2.3156703325427013,-0.7836932864557173,3.94183125,1.0
927,-1.802416049416584,-0.6608311891737357,1.7410636699999997,1.0
730,-1.5881657771585607,0.011304608294930905,13.98603069,0.0
926,-2.047942874620465,0.023455813953488402,5.7018,0.0
884,-1.741827100479846,-0.22939277271939434,1.7717100000000001,1.0
621,-3.3270179834879037,0.06974216216216214,30.33116328,0.0
726,-3.638186339798418,0.10664945054945056,19.92805967,0.0
925,-2.50470127711618,0.03989090909090914,10.72993061,0.0
938,-0.5593158329264247,0.005883966244725712,2.22449572,0.0
636,-1.3216308477941685,-0.11381938868368942,1.03900986,1.0
546,-2.9374633654300153,-2.009717428944982,13.2047274,1.0
965,-3.0078048547882603,0.05554385026737963,7.347222479999999,0.0
123,-1.8269722249837996,-0.41546260351495634,4.58230328,1.0
913,-2.48530672980934,-0.2734975126029347,4.10079236,1.0
59,-0.763784260159386,5.9883311048985055,0.84831072,1.0
871,-0.2682716789319575,0.0024249999999999736,3.18627549,0.0
1008,-2.2081844175725616,-0.24778238535419966,2.48969658,1.0
436,-2.4384048161365803,-0.4255392876320029,5.589382500000001,1.0
576,-1.347843174745638,0.011239545454545469,15.019687499999998,0.0
979,-2.486507931154974,0.05181650000000005,12.75802944,0.0
484,-0.3969018774476765,0.21113828786453467,4.774039999999999,1.0
654,-3.9271366432381942,0.1889081395348837,30.69810024,0.0
918,-1.2812138846693832,-0.09627931678779098,0.80880125,1.0
541,-0.930136138696208,-0.04996990570454092,0.47833125,1.0
608,-2.10537492370634,1.8273111979166676,15.56249562,1.0
660,-1.659679128870847,-0.22977497454408582,1.6808925000000001,1.0
703,-0.6422639702453755,-0.192239764573121,0.22580212000000002,1.0
1007,-1.22315562374271,0.010930901287553621,6.74070606,0.0
95,-3.564893474332945,0.18663481012658234,18.03111011,0.0
911,-2.1286317858706076,-0.29551897896088514,3.8357626999999996,1.0
562,-3.233989462678249,0.08557663043478268,18.771472019999997,0.0
446,-0.1658184846949404,-0.05667268376642453,0.07057176,1.0
748,-1.155182640156504,-0.450075640514809,4.0989375,1.0
785,-1.8263509139976741,0.01880086956521735,4.018286300000001,0.0
68,-3.83970234384852,0.2457576158940397,19.775164649999997,0.0
506,-1.4881056272665754,-0.1518021701717341,1.202385,1.0
409,-1.7270959559023327,-0.2898110746935969,1.34386574,1.0
251,-2.2710864259346746,-0.7574184000585843,2.99881656,1.0
865,-2.6324790142551358,0.023027397260274002,7.916786770000001,0.0
716,-3.623091713575933,0.07748410256410253,22.31196714,0.0
523,-3.0661547378505367,-1.012845883676503,7.85870322,1.0
641,-3.4577677331505496,0.06733465346534649,17.70641145,0.0
317,-1.1535965970008693,-0.1368977981106708,1.1686751,1.0
515,-1.6917331551609305,-12.696282474522752,20.69409636,1.0
242,-2.7165865321244964,-2.2490956482096314,6.6397450000000005,1.0
216,-0.6857744262305322,2.959426763446863,1.05988554,1.0
313,-1.6378373869557985,-0.8724593008485074,9.27774,1.0
4,-3.803168600516064,0.33320333333333335,18.065510980000003,0.0
723,-3.5267606046375013,0.11662971428571431,29.659822499999997,0.0
415,-0.5264470046689474,-0.03281178881383979,0.19936125000000002,1.0
86,-2.7426416458718292,-0.4756592246019669,5.0237345200000005,1.0
720,-2.5182566294695543,-0.7030954805059046,6.515841020000001,1.0
332,-3.7009520353482057,0.12016136363636369,19.2159825,0.0
318,-2.997734276224664,0.08079893048128339,16.34536875,0.0
386,-2.2045513527226803,0.03588033707865163,34.545044510000004,0.0
418,-2.7287632426997517,11.19269776876268,6.464158009999999,1.0
43,-3.863232841258714,0.3232813333333333,18.9375375,0.0
75,-2.0931348688118385,0.15687086092715233,88.55304894,0.0
22,-2.811745437440975,-1.5496390011553736,5.44180859,1.0
283,-2.4510851013124895,-0.6735141023270079,3.8039370399999997,1.0
75,-2.545931351625775,-0.485212296956409,4.1414800000000005,1.0
246,-3.7422802308410517,0.20093928571428574,17.41347546,0.0
351,-0.7291889519072109,-0.15747921301412507,0.28735434,1.0
814,-2.247150386105945,-0.9883251992302262,3.41719644,1.0
960,-3.0078048547882603,0.10127591623036655,6.9116775,0.0
823,-0.8881893017632803,-0.14473893148719708,0.44739749999999995,1.0
170,-2.3309845675157437,-1.1351567628695058,3.82927176,1.0
987,-2.2837633387534577,-0.608052777291675,4.20210125,1.0
300,-3.844364356954331,0.17243273809523818,22.602322619999995,0.0
497,-3.2467610283577364,0.1709502958579882,28.35210162,0.0
362,-2.945039159238473,-1.6137175175543006,7.71905,1.0
414,-0.42709740823527825,-0.05292365802280818,0.18215008,1.0
205,-2.4793222714941,-1.6212869634870837,4.45746446,1.0
515,-1.9639722918737217,0.04163791208791212,35.53740074,0.0
965,-0.059007180580032424,0.05432945928123973,5.29090375,1.0
597,-3.9633162998156966,0.26157771084337345,23.0091577,0.0
624,-2.5257286443082556,-0.6482935267550229,4.906000000000001,1.0
443,-0.8370175509796473,0.017945177664974634,32.0672439,0.0
228,-3.7722610630529876,0.64633679245283,18.3444159,0.0
629,-1.6755777149386453,-0.5918449292484932,1.9601337600000002,1.0
440,-3.713172146682981,0.14050999999999994,23.204807480000003,0.0
1,-3.653512310276645,0.15138443113772462,17.87952369,0.0
555,-1.0564152399683213,0.07582420154691398,2.97429534,1.0
312,-3.6769508832486624,0.20667378048780483,18.773758739999998,0.0
776,-1.213349966138533,1.851072502165384,26.667518240000003,1.0
618,-2.700082031453033,0.6870920332038789,7.74367776,1.0
575,-0.673736787040122,-0.04185562884997816,0.2612725,1.0
437,-4.098352583619639,0.1819097701149425,26.56318388,0.0
699,-3.313186504339442,0.11716449704142018,24.559535,0.0
162,-4.034190639402354,0.3351512987012988,23.644468890000002,0.0
257,-2.636660205015537,-1.4003442035744937,6.8557,1.0
512,-4.098352583619639,0.22703575757575764,31.380920539999998,0.0
492,-3.1419147837320724,-0.6411014298278223,8.66484,1.0
626,-3.7090821614314557,0.13849822485207108,23.1666904,0.0
728,-1.984858899193888,-0.16338595026565833,1.8909675,1.0
566,-1.7226066105397384,-0.4864016282491143,1.3461975,1.0
339,-2.322787800311565,-53.00900423728813,4.0637366,1.0
684,-3.2089254940150327,0.07249589743589739,35.982765,0.0
401,-2.361274089342725,0.02851571428571433,11.77178019,0.0
904,0.0,0.020037115249248137,0.0,1.0
0,-2.5613558219514063,-2.446286571642911,13.014955,1.0
264,-3.6769508832486624,0.27936000000000005,21.525558779999997,0.0
477,-3.2114038100294997,0.07434462365591402,11.37820125,0.0
882,-2.419118909249997,-0.292333470231542,4.3461637,1.0
309,-1.8476951015583583,-0.847101687229285,2.18539192,1.0
40,-3.0988730324735045,-1.2452976906017288,7.19025692,1.0
980,-2.4213686289840126,0.022922727272727303,7.93132296,0.0
933,-3.1748589394514264,0.06827812499999997,8.220492499999999,0.0
84,-2.821778966430553,-1.115147381915339,5.39665,1.0
130,-3.4802405890026082,0.1282934640522875,13.28468372,0.0
496,-3.341043458842408,0.17313882352941184,37.35422868,0.0
876,-0.20653228550901287,0.0037481781376518604,0.08475628,0.0
698,-0.8749088940953859,-0.09375962711796602,0.437745,1.0
562,-2.9206248010671856,-0.6685703907570656,6.357505000000001,1.0
906,-1.1695713776086036,-0.3597148655117162,15.7811625,1.0
322,-3.5684333010380693,0.15129573170731708,29.193110939999997,0.0
308,-3.372609924810243,0.09006201117318442,14.591652179999999,0.0
215,-3.725543438485528,0.20246181818181827,17.84875884,0.0
118,-3.738069698304708,0.28342026143790855,20.01441246,0.0
379,-1.5255564284533982,-0.16966999638090632,1.00774275,1.0
984,-1.062183932054558,-0.13569485286763094,0.55457194,1.0
680,-1.8944568674663975,0.41913033910310604,10.48790336,1.0
203,-2.6036901857779675,0.24727410071942454,39.92823919999999,0.0
829,-0.3149847549797898,0.003327572016460957,0.20376016,0.0
522,-3.2441936328524905,-1.7756495374078711,9.503325,1.0
762,-2.3176987308040937,0.023400934579439266,6.40168245,0.0
394,-3.3524072174927233,0.08058863636363643,28.026834500000003,0.0
417,-1.5408451209684886,0.6649902000665661,8.26901964,1.0
902,-1.9870446924138683,0.045599489795918366,11.82373707,0.0
731,-0.6668948094158796,-0.05161010290927641,0.23955711,1.0
347,-1.6901058155015551,-0.1521385527301771,1.44140625,1.0
137,-3.343872315042886,0.7235806451612904,13.39664652,0.0
441,-3.835061964292018,0.12205934065934064,22.49316,0.0
568,-3.7465085669505727,0.1770183333333334,18.721386759999998,0.0
456,-2.8387285247443264,0.05439518716577537,19.50413985,0.0
28,-3.423442990609475,0.12163818181818184,15.984461339999998,0.0
700,-3.4203802010789293,0.08524462365591401,24.9770775,0.0
52,-2.785471348070795,0.03941935483870964,13.0804,0.0
927,-3.3524072174927233,0.12653333333333336,11.267518500000001,0.0
353,-4.2336066295556085,0.24498805031446544,46.56639185,0.0
792,-0.1963799140449949,0.006755737704918071,0.36631386,0.0
556,-3.0640111143072857,0.45715041068070267,8.844592389999999,1.0
521,-4.173387769562553,0.22658562874251495,35.53980122,0.0
320,-2.9838037026887174,0.22329873417721527,59.722552560000004,0.0
824,-0.396455813950577,0.009206224066390094,0.35034216,0.0
671,-2.2358614609511376,0.02645700483091783,17.642508749999998,0.0
407,-2.3299562897901778,-0.7300067339109804,6.6480225,1.0
964,-0.19091840401947283,0.025524837236961966,3.1292325,1.0
143,-3.083471187861998,-0.38083463131374756,8.25316,1.0
406,-3.649658740960655,0.10292645502645506,18.2380276,0.0
83,-3.7297014486341915,0.31586993464052293,19.953799200000002,0.0
274,-3.0057826094074924,-1.5658900540470708,8.3510658,1.0
685,-1.2441005954167152,-2.018857611369227,23.75007206,1.0
34,-3.759301918410482,0.37114539473684205,22.1472325,0.0
1014,-1.3163952337402234,-0.17678726676921025,0.79424625,1.0
69,-2.7678002055079842,-1.7475207613704142,5.893516239999999,1.0
175,-3.8076629901039034,0.2804071895424836,21.65156676,0.0
625,-4.219907785197447,0.2450349397590362,36.02271603,0.0
2,-2.7646205525906042,-2.023288983655211,6.2627229,1.0
800,-0.8476979404085433,0.07274522478494667,8.88574428,1.0
20,-2.5446566541937745,-1.1712144221819427,5.4344922,1.0
373,-3.619353391465326,0.0982797872340425,16.429182559999997,0.0
647,-3.470547459796949,0.0762755319148936,21.85137626,0.0
977,-0.32767108066814415,0.006831799163179929,3.27570348,0.0
524,-3.684887432844399,0.13251744186046516,23.123269580000002,0.0
252,-3.4295968561838532,0.13943928571428577,14.654115,0.0
127,-3.4577677331505496,0.1233917647058823,16.3512594,0.0
875,-1.9484132792734319,-0.5617631803699357,11.470651499999999,1.0
214,-3.009831197933493,0.07890615384615379,17.12599669,0.0
667,-0.7461261053508319,-0.09971893816639664,0.31809336,1.0
578,-1.3567355588783463,0.05324219653179196,168.51981925,0.0
260,-3.733876820044672,0.26174339622641507,20.59442924,0.0
193,-3.661264287080963,0.18376540880503153,17.39365206,0.0
186,-1.8845328693804098,-0.34019621410206924,4.45890298,1.0
339,-2.2321266293454842,0.03897925531914897,15.86475566,0.0
1009,-0.9768372317421887,0.012489686098654723,6.0820563,0.0
588,-3.858482238500116,0.14462209302325582,29.631523360000003,0.0
249,-2.247150386105945,-0.8264872927207324,3.43612731,1.0
222,-3.547379891840237,0.2172632258064517,17.54292096,0.0
379,-3.5370171048046903,0.19684702380952382,14.06657625,0.0
112,-3.81217767045843,0.32874144736842115,30.696073460000004,0.0
757,-1.7378396272386245,-0.32009442077256994,2.59598497,1.0
21,-2.8629511623201727,-1.536644966964633,6.240790179999999,1.0
824,-1.2269003089696406,-0.0862268903569222,0.69145356,1.0
111,-3.055482277959765,0.10607515527950315,31.246535640000005,0.0
986,-1.579879110192556,-0.6772168005296946,1.2574652,1.0
102,-3.6458199646534895,0.9676676923076925,18.93641913,0.0
457,-2.739540868193581,0.03861782178217826,13.89169382,0.0
508,-3.5301677629591155,0.12361397849462363,15.49677,0.0
1000,-2.864704011147587,0.05780099009900995,23.2462644,0.0
365,-3.816712825623821,0.12821428571428573,22.4691522,0.0
539,-3.4357888264317746,0.09984973262032082,19.38332774,0.0
1022,-2.31061726469131,0.025945871559633085,8.8722,0.0
119,-3.8490482062667577,0.21310191082802543,23.16108963,0.0
919,-1.4740332754278973,-0.08742458354201088,1.0906125,1.0
676,-2.843869924244745,6.46335994750082,17.39695194,1.0
801,-1.228948790396113,0.128366537370123,6.88830142,1.0
933,-0.11037305748137062,0.023090170288705143,0.25369515,1.0
611,-0.10192198972538395,0.04140981600865845,0.50420073,1.0
500,-3.649658740960655,0.11467000000000004,18.8556316,0.0
579,-1.9805015938249322,0.11188630952380949,167.59352040000002,0.0
318,-1.44859538731727,-0.160572918197944,1.327185,1.0
780,-1.9234639602254833,-0.4008749326548032,3.5435386200000005,1.0
755,-1.864975531559314,-0.1845312592961183,2.424185,1.0
33,-2.9187712324178627,-1.2004302207169586,8.3434482,1.0
687,-2.3025850929940455,-0.9597462799828433,3.4662500000000005,1.0
998,-3.638186339798418,0.11075129533678757,17.74625375,0.0
427,-3.3696987146027846,0.05918725490196074,11.47168448,0.0
264,-2.353878387381596,-1.695754327355495,3.589024,1.0
808,-1.4858937263426453,0.04393535353535349,146.30577875,0.0
467,-3.6928874755114753,0.08453064516129034,23.0829225,0.0
931,-1.9653988256391757,0.21680712498532187,11.358019080000002,1.0
45,-3.725543438485528,0.24065133333333336,19.21683872,0.0
387,-2.425883309338539,-9.063254466441334,3.67706872,1.0
630,-3.402197881995739,0.1747393939393939,42.46804944000001,0.0
996,-3.3270179834879037,0.1942188571428572,13.971680469999999,0.0
794,-1.0700248318161971,-0.13461907838446643,0.5559344,1.0
157,-3.001750345879554,0.1120383116883116,24.7145675,0.0
725,-1.8294613364120664,-0.37596034580406,1.7026321500000001,1.0
455,-3.101092789211817,-3.023320283053279,9.141938999999999,1.0
1005,-2.239610293832657,-0.20510949794323352,2.6700402,1.0
743,-0.23483664990525574,0.05423322022676491,7.155835000000001,1.0
558,-1.981226494182881,0.33709152805163717,11.56923082,1.0
719,-2.9818293683849997,-0.8129057163115855,7.20256875,1.0
501,-2.6549834801655177,-0.8805439761487994,5.579767240000001,1.0
371,-2.509609262428372,-11.912189446307574,4.22116104,1.0
330,-2.734907655272093,-1.2621579568091499,6.92293492,1.0
992,-3.0138962441816624,0.2315976878612716,6.995522499999999,0.0
806,-1.3178883284558303,0.4236069320129497,22.46225191,1.0
1017,-1.5832829549572491,-0.6565112007338451,1.22580524,1.0
762,-1.21976349023226,-0.07959512709028152,0.7333184899999999,1.0
655,-2.44069839512368,-0.6299969729579413,3.80046043,1.0
851,-1.960414835258195,-0.280798364107727,2.0363200000000004,1.0
605,-2.933696882634538,0.06409438775510204,12.64741156,0.0
528,-3.1559010257068123,0.07553542857142864,36.41483358,0.0
456,-3.191747157479948,-2.3504901551462116,10.53718512,1.0
329,-2.198225077669803,-1.472654962536529,10.2295824,1.0
49,-2.360214205830682,-0.6310517065584371,3.51836352,1.0
268,-3.7172789286356345,0.26368385093167707,21.12743574,0.0
596,-4.0398563769380305,0.31321463414634143,25.301175680000004,0.0
333,-3.0661547378505367,-1.026245403816592,8.61556178,1.0
475,-1.2794149994927946,-0.1279884720485899,1.07685656,1.0
929,-2.366590422969958,0.03421162790697677,6.116153959999999,0.0
679,-1.3205066205818874,0.06177321576191783,6.9520125,1.0
846,-2.3580978029243043,-0.37368331115966263,3.4260998200000006,1.0
1018,-1.984131361875511,-0.6093421096044079,2.5145312500000006,1.0
560,-2.322787800311565,-0.6803689199848774,4.4973866000000005,1.0
958,-2.484106969617436,-0.7098691283876468,12.124275,1.0
959,-3.3639015969184585,0.1801913978494624,13.818378459999998,0.0
770,-1.6607312068216509,0.17011007151880572,10.755577,1.0
478,-0.45665314487759767,-0.03135639842707618,0.18735972,1.0
469,-2.706052198439537,-0.8796322305423092,5.35680556,1.0
561,-3.101092789211817,0.07504999999999996,12.807935999999998,0.0
537,-1.2126772449560823,-0.12371674983461692,0.66046592,1.0
907,-0.08327291919382147,0.00978938775510208,0.03836817,0.0
97,-2.5549000216085354,-2.50183324778177,4.3324199100000005,1.0
644,-1.8263509139976741,-1.2395618023976844,30.7154512,1.0
790,-0.8523774061305023,0.009152066115702465,2.37005912,0.0
187,-2.496169842066711,-0.657936086982049,4.24566,1.0
893,-2.4349742810397914,0.036595215311004826,12.597975,0.0
83,-2.3289290683336477,-1.8032536813717566,3.5319675000000004,1.0
364,-3.3696987146027846,-1.417434618024232,10.75788448,1.0
155,-3.750754857832024,0.1776107594936709,16.95710885,0.0
1005,-1.1394342831883648,0.012461085972850621,10.869344000000002,0.0
573,-0.8367866307615561,-0.089023725554625,0.39520374999999996,1.0
877,0.0,0.006653252032520287,0.0,0.0
387,-2.706052198439537,0.051070370370370356,36.53069556,0.0
92,-3.338222582500767,0.1045482758620689,14.339042849999998,0.0
112,-2.5497652221364966,-0.3406997335586171,4.86855875,1.0
201,-2.142168371588141,-1.9558428541665493,2.44436192,1.0
335,-3.092243173934835,-3.378317624324644,8.47523568,1.0
491,-3.028255465259551,-0.342366014663312,8.2038,1.0
632,-1.0659515064285614,-0.0401859636261877,0.62567148,1.0
22,-3.623091713575933,0.14217763975155284,21.656257860000004,0.0
44,-3.6690768268177565,0.28231059602649,18.87467415,0.0
601,-3.5613661338149765,0.12010659340659337,16.269650000000002,0.0
638,-2.8455896151242714,0.049764062499999984,15.583384460000001,0.0
129,-3.519980917652122,0.3436741935483871,21.145505919999998,0.0
702,-2.610469872763346,0.041241988950276226,13.7206125,0.0
345,-3.5613661338149765,0.12818793103448273,15.968845720000003,0.0
689,-2.198225077669803,-0.5066212465364361,2.3999088,1.0
463,-2.34236596300589,0.034992670157068126,13.03916513,0.0
55,-2.7936080894638566,-0.2522708804921934,7.14382704,1.0
107,-3.137295837875778,0.15178235294117648,17.24462978,0.0
89,-0.48369695637773796,0.06922041946972703,8.0479143,1.0
85,-2.670754416358513,-1.0145679505088805,4.688590639999999,1.0
230,-3.5684333010380693,0.2452058441558441,15.897868439999998,0.0
412,-3.547379891840237,0.19564573170731714,14.816519999999999,0.0
693,-3.4834926243889854,0.09981935483870961,22.47432182,0.0
820,-3.228926160721702,0.08233010204081628,14.640286320000001,0.0
572,-1.2358075278459544,-0.0894539440360554,0.9698775000000001,1.0
40,-3.451438598098902,0.28125,17.2043825,0.0
535,-3.684887432844399,0.12764078212290506,21.10795042,0.0
123,-1.3955369424868231,0.010428773584905704,8.09154159,0.0
446,-2.0874737133771,0.04017580645161292,17.0009208,0.0
976,-2.363397232390803,-0.23930665315946253,3.18058,1.0
200,-3.83970234384852,0.33542066115702485,24.090573699999997,0.0
1007,-2.5523293261054345,-0.3798633119380775,3.76094968,1.0
393,-3.4112477175156566,0.08729619565217392,19.2403761,0.0
595,-4.017383521085972,0.289109696969697,31.871548799999996,0.0
206,-3.7214026458194964,0.14877073170731714,24.83020672,0.0
425,-3.338222582500767,-2.4590232768458904,9.5397375,1.0
859,-0.9899372720424536,-0.2040168653474455,0.41496572,1.0
519,-2.312635428847547,3.5303829915560945,7.164709200000001,1.0
504,-1.1356912969095305,-0.1993777262126285,0.6852159600000001,1.0
623,-2.142168371588141,-0.5949836639874778,3.59488192,1.0
80,-3.750754857832024,0.3233190789473684,17.33164245,0.0
894,-2.5969561535966235,-0.7326486846240594,5.5387621,1.0
604,-1.8078888511579385,-0.1354882601262951,1.6892000000000003,1.0
39,-2.820099704910833,-0.3628971814031661,6.0044496800000005,1.0
332,-3.23907853218572,-1.3308499079802212,9.750184639999999,1.0
774,-3.7009520353482057,0.09017738693467338,27.258406239999996,0.0
906,-0.20653228550901287,0.008976326530612207,0.08475628,0.0
324,-3.868006120011372,0.23083710691823903,22.054463749999996,0.0
542,-2.58229899579665,0.048676213592232995,11.427885,0.0
538,-3.3242363405260273,0.0721975124378109,12.6738,0.0
855,-2.4698210123699593,0.036612272727272716,6.032335319999999,0.0
346,-3.2138882833571616,0.0873293103448276,15.7046325,0.0
352,-2.1724344085290004,0.0822012422360248,67.87065227,0.0
999,-2.631089159966082,-0.7790755283224091,5.4543023999999996,1.0
433,-3.165335057940171,-3.214693461321038,9.26571474,1.0
354,-1.4447712908788664,0.27323557417634736,3.8464875000000003,1.0
281,-2.14729220858801,-0.7824720666241173,4.12984944,1.0
760,-0.623434568148645,0.011124347826087011,7.71313875,0.0
54,-2.575707014114497,-0.31766463244574494,4.53683087,1.0
310,-1.0867825369145325,-0.6430793202286058,2.074395,1.0
406,-2.6621212692138103,-0.6396147663744868,5.82074066,1.0
349,-2.966173471312447,0.08438324607329842,10.26738505,0.0
941,-0.2864827918762988,0.005271951219512169,0.10948122000000002,0.0
959,-1.8257299887992084,-0.821804888187898,6.1311921300000005,1.0
352,-2.670754416358513,-1.0761752353000709,6.68068564,1.0
420,-2.2302644314144198,23.223040504997375,5.2885485,1.0
265,-2.4090573375045627,-3.4264356696860436,6.16077508,1.0
158,-1.4567168254164364,-0.11157089723215656,0.9640375000000001,1.0
308,-1.2601904843241645,0.2433106125780335,3.0274300000000003,1.0
567,-1.5154922995915725,-0.28881704139885506,0.9941425000000002,1.0
1006,-2.30759763481759,-0.20813865077701438,3.0616946000000005,1.0
7,-2.2219271899765913,0.11927935483870974,19.55310528,0.0
520,-3.223888366691745,-1.7718146100781216,10.63522466,1.0
842,-0.6667000105450971,0.11185645207167952,8.13312878,1.0
429,-3.3298073855754824,0.060227118644067816,24.253605,0.0
658,-2.0241960674538575,-0.6618038573049289,2.1642339299999995,1.0
650,-2.928073625080176,-1.0762358672915509,7.376981249999999,1.0
12,-2.6283152330833564,-0.44757199610788256,5.50765426,1.0
681,-2.613194670089531,0.04238186528497408,31.21847,0.0
32,-2.8084231752489974,-1.73019781994348,8.94575826,1.0
161,-3.114515809543958,0.17101806451612905,20.215137960000003,0.0
744,-0.5535591663528919,0.17343860843085107,13.86704792,1.0
593,-2.8967923256990873,-0.5965666742728757,7.302960000000001,1.0
229,-3.6458199646534895,0.3048711409395974,17.851854510000003,0.0
1012,-3.582719258285546,0.12747868020304573,16.760736759999997,0.0
404,-3.533586569707901,0.12015464480874322,16.68853,0.0
835,-0.4692039490751713,0.0017655999999999495,0.2162979,0.0
398,-2.3623350973998196,0.14012500000000003,96.98713307999999,0.0
953,-2.6838455124053926,0.0370911214953271,6.014101859999999,0.0
370,-2.4651040224918206,-4.156771367322211,4.1299375000000005,1.0
26,-3.259697819388456,-1.4713798824847433,9.64927872,1.0
48,-2.877060743836492,-0.6756212001057363,5.67433625,1.0
289,-3.7009520353482057,0.22521132075471706,22.81065748,0.0
36,-2.6838455124053926,-2.2648590326969087,4.92585064,1.0
806,-0.6189677823856938,0.004340329218106983,2.67456795,0.0
127,-0.6426441983868385,-0.055266696802967176,0.23229003,1.0
323,-2.545931351625775,-3.472051383791291,4.66120928,1.0
165,-3.738069698304708,0.22812516129032254,22.95728008,0.0
216,-3.20398721237445,0.12062857142857146,20.702447499999998,0.0
1015,-1.9973087121413138,0.015207692307692361,3.6356336899999997,0.0
342,-1.6544352783648362,-0.5678424533767776,2.65768,1.0
653,-0.5967466862736301,1.2041320629744743,10.828485019999999,1.0
878,-1.8799351601317804,-0.4036887701147629,1.94565,1.0
475,-1.3089630181835672,0.019120175438596464,3.1534175,0.0
44,-2.972015746936675,-0.8299260589924133,6.28458496,1.0
846,-2.14729220858801,0.13170534759358282,89.99293999999999,0.0
502,-3.165335057940171,0.06698121827411169,14.808507500000001,0.0
231,-2.4557362724882204,-1.4453218150322822,3.9843375,1.0
866,-0.9747146520118722,0.1044971195988038,13.88150841,1.0
677,-0.7558740104682503,0.033896236559139765,187.04755,0.0
428,-2.2321266293454842,-4.266976053899339,4.57277191,1.0
527,-3.2675409968494815,0.07674886363636366,41.398191270000005,0.0
591,-2.617295837833746,-1.1767314119321002,7.363874999999999,1.0
168,-3.6651629274966204,1.241869387755102,18.05056,0.0
678,-1.0356374895067213,0.03279999999999995,131.326357,0.0
709,-3.074775480894444,0.052949282296650656,12.14136,0.0
701,-0.9702190738997107,-0.08593336720863679,0.5005832,1.0
612,-0.2537316330822334,0.04962075619495235,5.253463720000001,1.0
189,-1.0362010285467127,-0.2007579931025944,0.563245,1.0
750,-2.1937306880819634,-0.498547650347236,3.86161295,1.0
481,-3.151217176394386,0.08316505376344092,25.298900240000002,0.0
331,-3.7942399697717626,0.17235121951219515,23.87221875,0.0
565,-2.104554242494911,-0.4517561013148754,2.8143662499999995,1.0
246,-1.6949958007957469,0.21021734611906026,7.63239888,1.0
103,-2.8285243545700847,-2.8716641403702168,6.39856197,1.0
382,-3.1820618517454844,0.11496494252873556,11.794129850000001,0.0
724,-2.9431398234348203,0.15749190751445094,48.36980964,0.0
708,-1.7304762408111565,0.013471367521367508,8.96189,0.0
756,-2.059638914383656,-0.4032827221988839,2.9420625,1.0
51,-2.787093408442663,-0.31528549730040706,5.319418720000001,1.0
951,-1.058430499035278,-0.04575603445741328,0.6000324,1.0
397,-3.8873303928377747,0.1584426900584796,27.22929515,0.0
805,-0.6073365241468345,0.004946721311475384,2.7080918399999994,0.0
847,-1.5901256014017275,0.05600989583333327,36.73427737,0.0
293,-3.759301918410482,0.14827151515151513,22.97506053,0.0
559,-2.2173252490432223,-7.460071316029524,9.17890875,1.0
792,-1.4662037443481926,-0.15801873362255756,1.1568850000000002,1.0
35,-3.611918412977808,0.3062705882352941,18.9477009,0.0
63,-0.5198663684181397,-0.061748585283200756,0.19818017999999998,1.0
975,-2.3238087294456724,-0.31444842600813633,3.2710837500000003,1.0
711,-2.422495389666603,0.03714579439252332,11.537652499999998,0.0
395,-3.0449225177447627,-1.292966584624936,10.152880080000001,1.0
781,-2.6621212692138103,-0.7815739666403297,5.1695625000000005,1.0
164,-2.6380578292821752,-3.449849685706477,4.8223747,1.0
422,-1.919365593833201,0.9007286618796646,27.792315,1.0
136,-3.3298073855754824,0.9682510638297873,13.86832214,0.0
81,-2.91139112512024,-0.38617803218042285,6.81722848,1.0
50,-2.308603165319609,-0.20063556507729993,3.15677502,1.0
260,-2.8895720777256004,-1.960645386295637,6.39840352,1.0
718,-2.5194980945576195,-0.5171298678825933,6.3739256,1.0
848,-1.3907040696085906,0.05544397905759161,81.16422413000001,0.0
507,-2.9603651297166995,0.0716788177339902,10.8773525,0.0
686,-2.8682189532550315,0.05409849246231159,32.29174856,0.0
752,-1.7969730362809424,-0.6409030510715943,2.93189114,1.0
671,-0.32462272026406364,-0.07218460834837426,0.16862924,1.0
278,-1.1304126012179074,0.38252743806836015,2.98143257,1.0
786,-1.6383519225987426,-0.37786878951027464,1.136655,1.0
694,-3.094448246493149,0.058917616580310944,24.42330927,0.0
484,-3.302257433807252,0.09016393442622951,13.850294559999998,0.0
208,-3.7090821614314557,0.1675955414012739,26.5638163,0.0
674,-1.5209692644464923,0.028147368421052647,33.89937915,0.0
498,-2.9759296462578115,-0.6781340241092542,6.257914199999999,1.0
199,-3.0597376035299035,0.11730869565217385,25.699638229999994,0.0
817,-2.831914188324596,0.06622525773195878,18.64454762,0.0
849,-1.9449106487222299,-0.36600269665135,2.4244505999999997,1.0
183,-3.763603000309873,0.1680183544303797,22.612657199999997,0.0
926,-2.610469872763346,-0.46623226976281695,4.832625,1.0
0,-3.673006104957646,0.16346319018404903,21.916179179999997,0.0
887,-1.1913856888204646,0.017749308755760324,20.712840959999998,0.0
980,-1.981226494182881,-0.07234938846432545,1.8582025,1.0
39,-2.9778923554256598,0.9210796610169494,11.718666279999999,0.0
886,-0.6375232768119483,0.014221645021645036,8.11178988,0.0
58,-2.5157783134550873,0.025087793427230106,7.21476936,0.0
834,-1.4666371138024292,0.13184692688332303,11.85124356,1.0
81,-3.619353391465326,0.29644117647058826,17.37600244,0.0
203,-3.022076248893593,-1.5513477858774887,6.88800625,1.0
190,-1.1542307124311217,-0.11116252539186419,0.7225730100000001,1.0
603,-3.600868576791223,0.1081104046242775,18.32671659,0.0
646,-3.8776215787108135,0.12255869565217396,27.51305931,0.0
875,-0.2627943569440019,0.00784412955465587,0.10249437,0.0
144,-3.579128590154817,0.169312101910828,21.040090290000002,0.0
444,-1.201974801663263,-0.13529248789062867,0.8842750199999999,1.0
180,-2.8404393891479556,-0.5800273656858471,5.37742528,1.0
150,-3.830443018435723,0.2936071895424836,21.97514081,0.0
987,-2.8268337370921772,0.038149999999999955,9.39084864,0.0
166,-3.8212686421596818,0.1775954838709677,27.42272667,0.0
677,-2.95075890791126,-3.0911119928578517,12.57335409,1.0
460,-2.1671804559878427,-0.37167179651475457,3.31906875,1.0
319,-0.8173507840192515,-0.11312005110971576,0.49494528,1.0
798,-0.8648849438142551,-0.09613199474160919,0.36669387999999997,1.0
683,-1.6029589463363911,-1.4593342826083626,14.03228079,1.0
518,-3.3784578946926658,0.10282857142857141,16.58993303,0.0
487,-2.570464538149647,0.06298258426966298,52.417165049999994,0.0
449,-3.151217176394386,0.06842643678160927,40.37609476,0.0
521,-3.167707538293801,-1.3786800462258433,8.81135739,1.0
502,-1.995835957825039,-0.23494386142590235,2.2627349999999997,1.0
389,-3.7465085669505727,0.18486628571428565,21.45839912,0.0
6,-2.238671767250393,-0.7585373509102322,2.92039228,1.0
864,-2.5120723178607696,0.017929032258064546,6.29808813,0.0
564,-2.137070654516472,-0.8490510095334458,2.349675,1.0
411,-3.789805372703897,0.2437932515337424,21.17469258,0.0
99,-3.5899395062590327,0.3150274509803921,12.96532908,0.0
849,-2.8084231752489974,0.12314162162162169,49.7761425,0.0
1020,-1.030860186617291,-0.25966839503040967,3.3306862500000003,1.0
586,-0.7665784586458283,0.08486122290790928,5.33514118,1.0
478,-3.0323962579255825,0.09498152173913038,10.831542559999999,0.0
651,-3.022076248893593,-0.5457152295705678,8.19560125,1.0
935,-2.96423360649462,0.08912256410256404,22.737323280000002,0.0
766,-0.5782126424678459,0.00771570247933883,0.30148374999999994,0.0
993,-2.2595256035335987,0.1400957202752946,9.653085,1.0
860,-1.074700468621797,0.01103243243243239,5.13523638,0.0
996,-0.36154392105023625,0.16402546311180724,30.194684279999997,1.0
656,-2.643667942172942,-0.800394015421261,6.242878619999999,1.0
586,-3.55434856115633,0.08732399999999998,18.523982619999998,0.0
725,-3.7090821614314557,0.1424694444444444,18.7089154,0.0
860,-1.3015856331929365,-0.16531767279845697,1.11446718,1.0
141,-3.543913683863751,0.1954135483870967,15.512077889999999,0.0
547,-1.3190096143142942,-7.150997559925367,20.40708558,1.0
683,-2.0394518934636774,0.03694635416666673,42.20498642,0.0
109,-2.694147295933219,-0.2651796895156469,5.022963919999999,1.0
238,-2.419118909249997,-0.37217528001572014,3.8414625,1.0
195,-2.2681836662767134,146.9860681114551,5.4005472,1.0
545,-3.989984546897858,0.18293099415204686,39.1114753,0.0
226,-1.4275331091364882,0.0384956989247312,37.23547875,0.0
554,-2.104554242494911,-0.5703329281410421,11.50330073,1.0
192,-3.7465085669505727,0.23683821656050963,18.49423676,0.0
969,-3.3932292120129786,0.11304900990099015,13.98194112,0.0
461,-1.7981800370309777,0.03731813953488376,4.24901448,0.0
296,-3.9322257127456655,0.26042484076433114,23.14849964,0.0
362,-3.40822199659912,0.11415411764705889,18.934719289999997,0.0
651,-3.349554148510317,0.06717089947089949,32.0331375,0.0
24,-3.7465085669505727,0.15923272727272733,18.64380176,0.0
653,-2.7709900008760844,0.036969377990430576,13.397965000000001,0.0
124,-2.077842820316139,0.09552958579881653,37.114500840000005,0.0
967,-3.414282621210811,0.21891361256544503,15.08766693,0.0
815,-2.0675129708145623,-0.68901136953887,2.7661375500000003,1.0
939,-0.2146794729020804,0.0015465306122448464,0.08737643999999999,0.0
864,-0.9869814724969244,0.07185251084908988,7.49127,1.0
602,-3.4802405890026082,0.11002972972972977,16.595939360000003,0.0
256,-2.406835114367845,-0.8311303682698407,7.68627783,1.0
615,-1.5292413704398238,-3.0274796618703124,33.60837139,1.0
232,-3.417326763592039,0.15430955414012734,27.769162240000004,0.0
882,-0.06656724427211311,0.005051405622489972,0.031155480000000003,0.0
994,-1.6890223917769427,0.13158458364802558,14.18880176,1.0
122,-2.375155785828881,0.05661764705882353,23.9610594,0.0
452,-1.9618362996055725,0.0854494047619048,132.91973906,0.0
411,-1.528780009416646,-0.12226689871771794,1.37217056,1.0
